id,birth_date,test1,test2
1,05/04/1955,2022-01-21,2022-09-12
2,01/26/2001,2022-01-05,2022-06-07
3,01/13/1973,2022-02-02,2022-06-26
4,03/26/1951,2022-02-09,2022-08-08
5,10/25/1986,2022-01-14,2022-06-05
6,04/10/2003,2022-03-04,2022-08-14
7,01/21/1971,2022-02-13,2022-08-09
8,04/14/1966,2022-03-17,2022-08-27
9,07/05/1993,2022-02-13,2022-06-29
10,04/25/1966,2022-03-04,2022-07-12
11,04/22/1992,2022-02-25,2022-09-02
12,03/01/1957,2022-01-12,2022-09-20
13,03/01/1984,2022-01-14,2022-07-23
14,11/28/1957,2022-03-30,2022-06-18
15,08/01/1993,2022-02-06,2022-07-24
16,09/03/1979,2022-01-26,2022-09-03
17,04/30/1993,2022-01-24,2022-07-06
18,07/03/1962,2022-01-25,2022-06-10
19,05/10/1997,2022-02-21,2022-07-22
20,10/19/1966,2022-02-10,2022-07-09
